instance_id,stratum,frozen_seed,n_assignments,wwt_bh,lb_bh,gap
c09_storm2_w80_u100_0000,c09_storm2_w80,-,2269,637.751600,567.489600,0.123812
c09_storm2_w80_u100_0005,c09_storm2_w80,-,2199,464.713600,456.868000,0.017173
c09_storm2_w80_u100_0010,c09_storm2_w80,-,2284,426.222000,421.954800,0.010113
c09_storm2_w80_u100_0015,c09_storm2_w80,-,2227,1566.926800,1507.974800,0.039093
c09_storm2_w80_u100_0020,c09_storm2_w80,-,2253,729.519200,720.648800,0.012309
c09_storm2_w80_u100_0001,c09_storm2_w80,-,2221,685.370000,649.047600,0.055963
c09_storm2_w80_u100_0006,c09_storm2_w80,-,2334,699.087200,691.553600,0.010894
c09_storm2_w80_u100_0011,c09_storm2_w80,-,2317,455.009600,436.402000,0.042639
c09_storm2_w80_u100_0016,c09_storm2_w80,-,2300,506.326400,482.994800,0.048306
c09_storm2_w80_u100_0021,c09_storm2_w80,-,2227,652.963600,615.050000,0.061643
c09_storm2_w80_u100_0002,c09_storm2_w80,-,2267,386.244400,378.991200,0.019138
c09_storm2_w80_u100_0007,c09_storm2_w80,-,2270,1327.835200,1266.977200,0.048034
c09_storm2_w80_u100_0012,c09_storm2_w80,-,2353,856.922800,804.140000,0.065639
c09_storm2_w80_u100_0017,c09_storm2_w80,-,2230,567.928800,540.448000,0.050848
c09_storm2_w80_u100_0022,c09_storm2_w80,-,2214,725.239200,710.910400,0.020156
c09_storm2_w80_u100_0003,c09_storm2_w80,-,2250,507.668800,499.164000,0.017038
c09_storm2_w80_u100_0008,c09_storm2_w80,-,2271,1055.378400,860.402000,0.226611
c09_storm2_w80_u100_0013,c09_storm2_w80,-,2314,675.647200,672.363200,0.004884
c09_storm2_w80_u100_0018,c09_storm2_w80,-,2230,196.462000,152.692400,0.286652
c09_storm2_w80_u100_0023,c09_storm2_w80,-,2262,1339.980400,1253.232400,0.069219
c09_storm2_w80_u100_0004,c09_storm2_w80,-,2321,573.468000,518.450400,0.106119
c09_storm2_w80_u100_0009,c09_storm2_w80,-,2328,1185.187200,1144.233600,0.035791
c09_storm2_w80_u100_0014,c09_storm2_w80,-,2135,619.228400,603.668000,0.025776
c09_storm2_w80_u100_0019,c09_storm2_w80,-,2276,390.257600,386.816400,0.008896
c10_replay_400_0021,c10_replay_400,-,400,148.000000,148.000000,0.000000
c10_replay_400_0002,c10_replay_400,-,400,12.000000,12.000000,0.000000
c10_replay_400_0007,c10_replay_400,-,400,68.000000,68.000000,0.000000
c10_replay_400_0012,c10_replay_400,-,400,65.825200,65.729600,0.001454
c10_replay_400_0017,c10_replay_400,-,400,0.000000,0.000000,0.000000
c10_replay_400_0022,c10_replay_400,-,400,146.000000,146.000000,0.000000
c10_replay_400_0003,c10_replay_400,-,400,470.566400,463.000000,0.016342
c10_replay_400_0008,c10_replay_400,-,400,135.000000,135.000000,0.000000
c10_replay_400_0013,c10_replay_400,-,400,0.000000,0.000000,0.000000
c10_replay_400_0018,c10_replay_400,-,400,0.000000,0.000000,0.000000
c10_replay_400_0023,c10_replay_400,-,400,854.918400,854.918400,0.000000
c10_replay_400_0004,c10_replay_400,-,400,0.000000,0.000000,0.000000
c10_replay_400_0009,c10_replay_400,-,400,148.231200,148.000000,0.001562
c10_replay_400_0014,c10_replay_400,-,400,0.000000,0.000000,0.000000
c10_replay_400_0019,c10_replay_400,-,400,0.000000,0.000000,0.000000
c10_storm2_w80_u100_0000,c10_storm2_w80,-,9350,1853.844000,1853.707600,0.000074
c10_storm2_w80_u100_0005,c10_storm2_w80,-,9509,828.400800,828.048800,0.000425
c10_storm2_w80_u100_0010,c10_storm2_w80,-,9419,548.285200,545.742000,0.004660
c10_storm2_w80_u100_0003,c10_storm2_w80,-,9346,2859.509600,2851.891200,0.002671
c10_storm2_w80_u100_0008,c10_storm2_w80,-,9282,1210.324000,1189.198400,0.017765
c10_storm2_w80_u100_0001,c10_storm2_w80,-,9160,2002.250800,2002.234000,0.000008
c10_storm2_w80_u100_0006,c10_storm2_w80,-,9365,1310.413600,1305.694400,0.003614
c10_storm2_w80_u100_0011,c10_storm2_w80,-,9421,1307.994400,1305.804800,0.001677
c10_storm2_w80_u100_0004,c10_storm2_w80,-,9423,711.102000,709.672400,0.002014
c10_storm2_w80_u100_0009,c10_storm2_w80,-,9287,1728.859600,1719.468000,0.005462
c10_storm2_w80_u100_0002,c10_storm2_w80,-,9240,1422.788400,1304.910000,0.090335
c10_storm2_w80_u100_0007,c10_storm2_w80,-,9508,2612.700000,2612.700000,0.000000
c10_replay_400_0000,c10_replay_400,-,400,208.459200,208.459200,0.000000
c10_replay_400_0005,c10_replay_400,-,400,124.000000,124.000000,0.000000
c10_replay_400_0010,c10_replay_400,-,400,0.000000,0.000000,0.000000
c10_replay_400_0015,c10_replay_400,-,400,0.000000,0.000000,0.000000
c10_replay_400_0020,c10_replay_400,-,400,106.000000,106.000000,0.000000
c10_replay_400_0001,c10_replay_400,-,400,101.146800,101.000000,0.001453
c10_replay_400_0006,c10_replay_400,-,400,132.000000,132.000000,0.000000
c10_replay_400_0011,c10_replay_400,-,400,3.000000,3.000000,0.000000
c10_replay_400_0016,c10_replay_400,-,400,5.000000,5.000000,0.000000
c09_storm2_w80_u100_0000,c09_storm2_w80,W0|W1|W2,2269,637.751600,567.489600,0.123812
c09_storm2_w80_u100_0005,c09_storm2_w80,W0|W1|W2,2199,464.713600,456.868000,0.017173
c09_storm2_w80_u100_0010,c09_storm2_w80,W0|W1|W2,2284,426.222000,421.954800,0.010113
c09_storm2_w80_u100_0015,c09_storm2_w80,W0|W1|W2,2227,1566.926800,1507.974800,0.039093
c09_storm2_w80_u100_0020,c09_storm2_w80,W0|W1|W2,2253,729.519200,720.648800,0.012309
c09_storm2_w80_u100_0001,c09_storm2_w80,W0|W1|W2,2221,685.370000,649.047600,0.055963
c09_storm2_w80_u100_0006,c09_storm2_w80,W0|W1|W2,2334,699.087200,691.553600,0.010894
c09_storm2_w80_u100_0011,c09_storm2_w80,W0|W1|W2,2317,455.009600,436.402000,0.042639
c09_storm2_w80_u100_0016,c09_storm2_w80,W0|W1|W2,2300,506.326400,482.994800,0.048306
c09_storm2_w80_u100_0021,c09_storm2_w80,W0|W1|W2,2227,652.963600,615.050000,0.061643
c09_storm2_w80_u100_0002,c09_storm2_w80,W0|W1|W2,2267,386.244400,378.991200,0.019138
c09_storm2_w80_u100_0007,c09_storm2_w80,W0|W1|W2,2270,1327.835200,1266.977200,0.048034
c09_storm2_w80_u100_0012,c09_storm2_w80,W0|W1|W2,2353,856.922800,804.140000,0.065639
c09_storm2_w80_u100_0017,c09_storm2_w80,W0|W1|W2,2230,567.928800,540.448000,0.050848
c09_storm2_w80_u100_0022,c09_storm2_w80,W0|W1|W2,2214,725.239200,710.910400,0.020156
c09_storm2_w80_u100_0003,c09_storm2_w80,W0|W1|W2,2250,507.668800,499.164000,0.017038
c09_storm2_w80_u100_0008,c09_storm2_w80,W0|W1|W2,2271,1055.378400,860.402000,0.226611
c09_storm2_w80_u100_0013,c09_storm2_w80,W0|W1|W2,2314,675.647200,672.363200,0.004884
c09_storm2_w80_u100_0018,c09_storm2_w80,W0|W1|W2,2230,196.462000,152.692400,0.286652
c09_storm2_w80_u100_0023,c09_storm2_w80,W0|W1|W2,2262,1339.980400,1253.232400,0.069219
c09_storm2_w80_u100_0004,c09_storm2_w80,W0|W1|W2,2321,573.468000,518.450400,0.106119
c09_storm2_w80_u100_0009,c09_storm2_w80,W0|W1|W2,2328,1185.187200,1144.233600,0.035791
c10_replay_400_0014,c10_replay_400,37635673|37635677|37635679,400,0.000000,0.000000,0.000000
c10_replay_400_0019,c10_replay_400,37639300|37639304|37639305,400,0.000000,0.000000,0.000000
c10_replay_400_0000,c10_replay_400,37395178|37395364|37533863,400,208.459200,208.459200,0.000000
c10_replay_400_0005,c10_replay_400,37643356|37643359|37643360,400,124.000000,124.000000,0.000000
c10_replay_400_0010,c10_replay_400,37548237|37548238|37548243,400,0.000000,0.000000,0.000000
c10_replay_400_0015,c10_replay_400,37605032|37605034|37605035,400,0.000000,0.000000,0.000000
c10_replay_400_0020,c10_replay_400,37721322|37721323|37721324,400,106.000000,106.000000,0.000000
c10_replay_400_0001,c10_replay_400,37732361|37732362|37732365,400,101.146800,101.000000,0.001453
c10_replay_400_0006,c10_replay_400,37702291|37702293|37702298,400,132.000000,132.000000,0.000000
c10_replay_400_0011,c10_replay_400,37695993|37695999|37696002,400,3.000000,3.000000,0.000000
c10_storm2_w80_u100_0004,c10_storm2_w80,W0|W1|W2,9423,711.102000,709.672400,0.002014
c10_storm2_w80_u100_0009,c10_storm2_w80,W0|W1|W2,9287,1728.859600,1719.468000,0.005462
c10_storm2_w80_u100_0002,c10_storm2_w80,W0|W1|W2,9240,1422.788400,1304.910000,0.090335
c10_storm2_w80_u100_0007,c10_storm2_w80,W0|W1|W2,9508,2612.700000,2612.700000,0.000000
c10_storm2_w80_u100_0000,c10_storm2_w80,W0|W1|W2,9350,1853.844000,1853.707600,0.000074
c10_storm2_w80_u100_0005,c10_storm2_w80,W0|W1|W2,9509,828.400800,828.048800,0.000425
c10_storm2_w80_u100_0010,c10_storm2_w80,W0|W1|W2,9419,548.285200,545.742000,0.004660
c10_storm2_w80_u100_0003,c10_storm2_w80,W0|W1|W2,9346,2859.509600,2851.891200,0.002671
c10_replay_400_0022,c10_replay_400,37520428|37520439|37520440,400,146.000000,146.000000,0.000000
c10_replay_400_0003,c10_replay_400,37522940|37522942|37522943,400,470.566400,463.000000,0.016342
c10_replay_400_0008,c10_replay_400,37472668|37472706|37472754,400,135.000000,135.000000,0.000000
c10_replay_400_0013,c10_replay_400,37598395|37597766|37597768,400,0.000000,0.000000,0.000000
c10_replay_400_0018,c10_replay_400,37549325|37549328|37549330,400,0.000000,0.000000,0.000000
c10_replay_400_0023,c10_replay_400,37527349|37527350|37527351,400,854.918400,854.918400,0.000000
c09_storm2_w80_u100_0014,c09_storm2_w80,W0|W1|W2,2135,619.228400,603.668000,0.025776
c09_storm2_w80_u100_0019,c09_storm2_w80,W0|W1|W2,2276,390.257600,386.816400,0.008896
c10_replay_400_0016,c10_replay_400,37725355|37725356|37725357,400,5.000000,5.000000,0.000000
c10_replay_400_0021,c10_replay_400,37538496|37538498|37538509,400,148.000000,148.000000,0.000000
c10_replay_400_0002,c10_replay_400,37740030|37740039|37740040,400,12.000000,12.000000,0.000000
c10_replay_400_0007,c10_replay_400,37541490|37541498|37541503,400,68.000000,68.000000,0.000000
c10_storm2_w80_u100_0008,c10_storm2_w80,W0|W1|W2,9282,1210.324000,1189.198400,0.017765
c10_storm2_w80_u100_0001,c10_storm2_w80,W0|W1|W2,9160,2002.250800,2002.234000,0.000008
c10_storm2_w80_u100_0006,c10_storm2_w80,W0|W1|W2,9365,1310.413600,1305.694400,0.003614
c10_storm2_w80_u100_0011,c10_storm2_w80,W0|W1|W2,9421,1307.994400,1305.804800,0.001677
